Module,Category,Feature,Description,Status,Priority,Notes
Dashboard,Overview,Statistics Panel,Displays key metrics (courses, students, users, enrollments),Implemented,High,Shows real-time data
Dashboard,Overview,Activity Feed,Shows recent system activities and user actions,Implemented,High,Last 10 activities with timestamps
Dashboard,Quick Actions,Add New Course,Quick access button to course creation,Implemented,High,Opens course creation form
Dashboard,Quick Actions,Add New User,Quick access to user registration,Implemented,High,Opens user registration form
Dashboard,Quick Actions,View Reports,Access to system reports,Implemented,Medium,Includes various report types
Dashboard,Status,Server Status,Displays server health and status,Implemented,High,Shows uptime and resources
Dashboard,Status,Last Backup,Shows when last backup was performed,Implemented,Medium,Includes backup size
Dashboard,Status,Storage Usage,Displays disk space usage,Implemented,Medium,Shows used/total space
Courses,Management,List Courses,View all courses with search and filters,Implemented,High,Includes pagination and sorting
Courses,Management,Create Course,Form to add new courses,Implemented,High,Includes rich text editor
Courses,Management,Edit Course,Modify existing course details,Implemented,High,Inline editing available
Courses,Management,Delete Course,Remove courses with confirmation,Implemented,High,Soft delete with archive option
Courses,Features,Course Categories,Organize courses by categories,Implemented,Medium,Supports nested categories
Courses,Features,Enrollments,Manage student enrollments,Implemented,High,Supports bulk operations
Courses,Features,Content Management,Manage course materials,Implemented,High,Supports files, videos, and links
Courses,Features,Prerequisites,Set course requirements,Implemented,Medium,Supports multiple prerequisites
Students,Management,List Students,View all students with filters,Implemented,High,Search by name, email, or ID
Students,Management,Add Student,Register new students,Implemented,High,Supports bulk import
Students,Management,Edit Student,Update student information,Implemented,High,Includes profile management
Students,Management,Delete Student,Remove student records,Implemented,High,With archive option
Students,Reports,Progress Tracking,View student progress in courses,Implemented,Medium,Visual progress indicators
Students,Reports,Performance,View grades and assessments,Implemented,High,Exportable reports
Users,Management,User Roles,Role-based access control,Implemented,High,Admin, Instructor, Student roles
Users,Management,Activity Logs,Track user actions,Implemented,Medium,Audit trail for security
Users,Management,Permissions,Granular permission settings,Implemented,High,Fine-grained access control
System,Settings,Backup,Database backup and restore,Implemented,Medium,Scheduled backups
System,Settings,Email Templates,Customize system emails,Implemented,Medium,Templates for notifications
System,Settings,API Access,Manage API keys and access,Implemented,High,For integrations
System,Maintenance,Clear Cache,Clear system cache,Implemented,Low,Improves performance
System,Maintenance,Update Check,Check for system updates,Implemented,Low,Version management
System,Logs,Error Logs,View system errors,Implemented,Medium,Filterable by date/type
System,Logs,Access Logs,Monitor system access,Implemented,Medium,Login/logout tracking
